Matrix from centroid,1.5,2.0
0,1.118033988749895,2.0615528128088303,0.5,1.118033988749895
0,0,3.1622776601683795,1.0,1.0
0,0,0,2.23606797749979,3.0
0,0,0,0,1.4142135623730951
0,0,0,0,0
Matrix from new center,2,2
0,1.0,2.23606797749979,0.0,1.4142135623730951
0,0,3.1622776601683795,1.0,1.0
0,0,0,2.23606797749979,3.0
0,0,0,0,1.4142135623730951
0,0,0,0,0
Final center,2,2
Final radius,2.23606797749979
