Attribute,InfoGain
Day,0.9992244269658095
Rain,0.9992244269658095
RH,0.9992244269658095
