Attribute,InfoGain
Outlook,0.24674981977443933
Temperature,0.02922256565895487
Hunidity,0.15183550136234159
Wind,0.04812703040826949
Play,0.9402859586706311
