Location,A,B,Total,A_T_wt,B_T_wt,A_D_wt,B_D_wt
Mumbai,100,50,150,0.6666666666666666,0.3333333333333333,0.1,0.05
Pune,130,120,250,0.52,0.48,0.13,0.12
Delhi,80,30,110,0.7272727272727273,0.2727272727272727,0.08,0.03
Hyderabad,70,70,140,0.5,0.5,0.07,0.07
Banglore,20,30,50,0.4,0.6,0.02,0.03
Chennai,200,100,300,0.6666666666666666,0.3333333333333333,0.2,0.1
