Input,Min-Max Normalized Array,Zscore Normalized Array
3,0.0,(-1.5784103745049411+0j)
5,0.3333333333333333,(-0.6499336836196817+0j)
7,0.6666666666666666,(0.2785430072655776+0j)
8,0.8333333333333334,(0.7427813527082073+0j)
9,1.0,(1.207019698150837+0j)
