Input,Min-Max Normalized Array,Zscore Normalized Array
,,
13,0.217391304,(-0.6173309979059936+0j)
,,
15,0.304347826,(-0.37039859874359615+0j)
,,
8,0,(-1.234661995811987+0j)
,,
23,0.652173913,(0.6173309979059936+0j)
,,
31,1,(1.6050605945555834+0j)
