Attribute,InfoGain
Income,0.12451124978365313
Student,0.034851554559677034
creditRat,0.7245112497836532
