Attribute,InfoGain
Temperature,0.09546184423832171
Humidity,0.01997309402197489
Clouds,0.6099865470109874
