Attribute,InfoGain
Outlook,0.2654430604704281
Temperature,0.02385886349282984
Hunidity,0.17112863674755552
Wind,0.004496888737453575
Play,0.9182958340544896
